{
  "project_info": {
    "project_number": "175125928579",
    "project_id": "flutterapppeewi",
    "storage_bucket": "flutterapppeewi.firebasestorage.app"
  },
  "client": [
    {
      "client_info": {
        "mobilesdk_app_id": "1:175125928579:android:e6b6d006108af9901e19b6",
        "android_client_info": {
          "package_name": "com.example.firebaseweek12"
        }
      },
      "oauth_client": [],
      "api_key": [
        {
          "current_key": "AIzaSyAVkqf8ymDeM6GVb5tiHWWpcjuonNrDKmE"
        }
      ],
      "services": {
        "appinvite_service": {
          "other_platform_oauth_client": []
        }
      }
    }
  ],
  "configuration_version": "1"
}