{"flutter":{"platforms":{"android":{"default":{"projectId":"flutterapppeewi","appId":"1:175125928579:android:e6b6d006108af9901e19b6","fileOutput":"android/app/google-services.json"}},"dart":{"lib/firebase_options.dart":{"projectId":"flutterapppeewi","configurations":{"android":"1:175125928579:android:e6b6d006108af9901e19b6","ios":"1:175125928579:ios:04c34412b1ce42711e19b6","macos":"1:175125928579:ios:04c34412b1ce42711e19b6","web":"1:175125928579:web:e3daaacb793fa2eb1e19b6","windows":"1:175125928579:web:005d759cb87c6b5a1e19b6"}}}}}}